FARM,YEAR,COWS,LAND,MILK,LABOR,FEED
1,93,15.3,8,73647,2,33435.738
1,94,18.1,8,91260,1.9999992,36869.04
1,97,17.1,7,110419,2.0000015,51013.578
1,96,17.3,8,111454,2.0000011,50711.57
1,95,17.8,8,118498,2,54153.586
1,98,19.5,7.2,131197,2,59038.65
2,93,20.3,9,118149,2,53875.944
2,94,20.3,10.4,127742,2,51990.994
2,95,22,10.7,146490,1.9999995,61379.31
2,96,23.3,10.7,163434,1.9999995,71093.79
2,97,23.3,10.6,163603,2,69204.069
2,98,25,9.4,169540,3,73580.36
3,93,19.6,11,102445,2.5,42412.23
3,94,22.2,11,129938,2.4999996,63149.868
3,96,24.7,11,132594,2.5000014,54893.916
3,95,25.4,12,134282,2.5,58681.234
3,97,25.3,13.5,140581,2.4999996,55810.657
3,98,26.1,14.5,182037,2.5,93567.018
4,93,55.4,22,405042,2.5,196445.37
4,94,63.5,22,489134,2.5,212773.29
4,95,63.4,22,526054,2.4999997,267761.486
4,98,68.8,23,543844,2.4999999,263764.34
4,96,63.7,23,545834,2.5000003,296933.696
4,97,68,23,570261,2.5,285700.761
5,94,18.7,11,103142,1.4999994,49301.876
5,93,17.5,11,111642,1.5,49680.69
5,98,19.3,11.5,125715,1.5000006,55440.315
5,95,18.2,11,126711,1.5,61834.968
5,97,19.9,11.5,144745,1.5000007,77293.83
5,96,18.9,11,146585,1.4999996,69627.875
6,93,23,9,151536,2.5,64251.264
6,97,22.3,9,159389,2.500001,76506.72
6,94,24.5,9,161790,2.5000004,73452.66
6,96,22.9,9,168885,2.5000006,87482.43
6,98,23.1,9,169946,2.5000006,79364.782
6,95,24.6,9,186542,2.4999996,86555.488
7,93,30.3,10,132624,2,51988.608
7,94,29.5,12.3,170163,1.9999995,76233.024
7,95,32.7,10,206356,2,100495.372
7,96,32.6,9,228979,2,105101.361
7,97,32.5,15.5,236043,1.9999996,116133.156
7,98,34.1,15.5,236429,2,92680.168
8,93,26.4,11.2,147230,1.5,57272.47
8,94,26.6,23,176428,1.4999998,66513.356
8,97,27.2,12,192819,1.5,90432.111
8,96,29.1,13.9,198484,1.5000004,98646.548
8,95,28.7,13.9,205493,1.5,92882.836
8,98,29.5,12,216856,1.4999999,125776.48
9,93,62.1,35.2,430663,3,133505.53
9,94,67.4,35.2,449932,3,197970.08
9,95,70,35.2,516969,3,193346.406
9,96,76.7,35.2,572678,2.9999997,246824.218
9,97,75.2,35.2,597944,3,244559.096
9,98,82.3,35,608132,3,256023.572
10,93,31.7,15.5,230278,2,107539.826
10,94,33.6,15.7,233134,2,99081.95
10,95,33.3,15.7,278649,1.9999997,112016.898
10,98,33.5,16.6,283802,2,129413.712
10,97,35,17.5,293232,1.9999997,127849.152
10,96,35.6,15.7,302065,2,133512.73
11,94,20.3,10.2,123832,1.5000002,47179.992
11,93,20,8.8,136605,1.5,51500.085
11,95,22.3,10.2,147739,1.5,53924.735
11,96,22.1,10.8,155143,1.5,62988.058
11,97,24,11.3,168044,1.5,60663.884
11,98,22.4,11.3,171030,1.5000003,64478.31
12,93,24.1,16.6,156198,2,62947.794
12,94,27.2,16.6,189529,1.9999995,88699.572
12,95,29,16.6,206070,2,76658.04
12,97,34.6,18,235459,2,90180.797
12,96,33.7,16.6,236732,1.9999997,85696.984
12,98,36.2,18,237510,2,85978.62
13,93,21.4,10,142121,1.2,58980.215
13,94,23.8,12.5,168558,1.2000001,69277.338
13,95,30,13,221326,1.2000002,82554.598
13,96,34.9,15,241494,1.1999997,106981.842
13,97,40.8,15,291315,1.2000001,131383.065
13,98,45.6,17,414293,1.1999999,175660.232
14,93,26,16,158383,2.3,55434.05
14,94,28.3,16.5,180938,2.2999998,85221.798
14,95,28.4,16,197301,2.3000005,89180.052
14,96,31.2,16,219867,2.2999996,105975.894
14,97,35.9,17,245524,2.2999998,129636.672
14,98,38.5,17,266912,2.3000001,143598.656
15,93,18,9.1,61205,1.5,14811.61
15,95,19.7,9.1,62141,1.4999996,17337.339
15,98,21.7,9.1,63811,1.4999995,28332.084
15,94,18.5,9.1,66821,1.5000005,15903.398
15,96,21.1,9.1,72327,1.5,24663.507
15,97,21,9.1,81533,1.5,33836.195
16,93,31.8,12,159331,2.5,61501.766
16,94,33.7,14,169039,2.5000004,77081.784
16,95,31.9,14,185685,2.499999,79658.865
16,96,33.5,14,251147,2.4999997,89910.626
16,97,34.3,15,276777,2.5000007,132299.406
16,98,41.6,15,358037,2.4999997,159684.502
17,93,14.1,9.6,56604,2,27396.336
17,94,14.4,9.6,63047,2,27677.633
17,95,16.7,9.6,75368,2.0000015,32257.504
17,96,18.2,9.6,84677,2,44201.394
17,98,19,9,101871,1.9999972,54500.985
17,97,20.2,12.8,103247,2,50487.783
18,93,14.5,5,70498,1,27564.718
18,94,15.8,12.4,76068,1,28981.908
18,95,16.3,12.7,86609,1,34556.991
18,96,16.7,12.7,87503,1,33076.134
18,97,16.9,5.9,105190,1,46704.36
18,98,18.7,6,120343,1,57403.611
19,93,17.3,15.1,68656,1,29453.424
19,94,18.3,15.1,85475,1,31967.65
19,95,19.8,15.1,91897,1,35839.83
19,97,21.6,15.1,110366,1,61363.496
19,96,23.7,15.1,125359,1,48764.651
19,98,26.3,15.1,159393,1,80493.465
20,93,19.1,9,102875,1.5,47836.875
20,94,22.7,10.5,113146,1.5000002,52160.306
20,95,23.3,8,133293,1.4999998,57982.455
20,98,22.9,13,140072,1.4999998,89225.864
20,97,23.5,12.4,145430,1.5,91330.04
20,96,25.8,8,152504,1.5,84182.208
21,93,20.3,9,128275,1.5,51181.725
21,94,21.9,11.4,138035,1.5000002,54247.755
21,95,23.1,11.4,161272,1.5000002,69508.232
21,96,28.6,10.8,208072,1.4999999,99458.416
21,98,30.3,21.5,224115,1.4999999,96817.68
21,97,28.5,12.9,231067,1.5,107446.155
22,93,20.8,9,122110,2.2,51530.42
22,94,22.3,9.6,132216,2.2,55795.152
22,95,23.5,10.2,155083,2.1999988,71648.346
22,96,26.3,9.6,177265,2.2000021,82605.49
22,97,26.7,20.5,196397,2.2000009,94074.163
22,98,28.2,35.6,205320,2.2,88287.6
23,94,21.3,7,89555,1.4999997,26508.28
23,98,21.3,6.9,94834,1.5000003,46942.83
23,93,21.8,8,94911,1.5,29707.143
23,97,22.8,10.1,97570,1.5,39320.71
23,96,24.1,7,102163,1.4999997,38924.103
23,95,24,7,103752,1.4999998,36416.952
24,95,39.1,25,239579,1.5,96310.758
24,93,39.8,25,239764,1.5,92069.376
24,94,38.3,15.8,241284,1.5,77210.88
24,96,39.3,25,249157,1.5000001,89696.52
24,97,40.1,29,294379,1.5000001,141596.299
24,98,45.3,29,318806,1.4999999,144100.312
25,93,14.3,7,66459,1.5,26184.846
25,94,18.1,8,100440,1.4999997,34953.12
25,95,20.1,8,103840,1.5000003,41224.48
25,96,24.7,8,154112,1.5000002,66576.384
25,97,26.9,15,155453,1.5,67311.149
25,98,29.3,15,161507,1.4999998,73808.699
26,93,45.5,21,262341,1.2,71881.434
26,94,51.3,21,310944,2.3000001,115671.168
26,95,52.8,23,351261,2.3,121185.045
26,96,57.6,24,368304,2.3000001,141797.04
26,97,59.2,29,397113,2.2999998,173935.494
26,98,57.8,29,402334,2.3000001,173405.954
27,95,36.7,21,184437,3.4999989,81336.717
27,94,40.5,21,192701,3.4999985,85173.842
27,93,37.4,21,201075,3.5,78821.4
27,96,36,21,201490,3.5,82006.43
27,98,35.2,21.1,205076,3.4999984,106434.444
27,97,36.4,21.1,212118,3.5000011,102665.112
28,93,16,7,68775,2,25377.975
28,94,16.5,7,71929,2,32439.979
28,95,17,7,91989,1.9999987,44522.676
28,96,18.5,7,109268,2,58458.38
28,97,19.6,11,115511,1.999999,67458.424
28,98,20.2,11,132675,2,72573.225
29,94,18.9,7.9,79001,1.5000017,40369.511
29,93,17,8,92509,1.5,44034.284
29,95,20,7.9,118745,1.4999994,65903.475
29,96,19.7,7.9,132312,1.5,64568.256
29,97,20.5,7.9,138769,1.4999995,68413.117
29,98,21.5,10.1,149184,1.5,76233.024
30,93,22.6,9.4,158389,2,64939.49
30,98,22.1,8,160281,2,78537.69
30,95,22.8,9.4,167969,1.9999995,76593.864
30,94,23.3,9.4,180413,2,78479.655
30,96,23.7,9.4,181458,2,95809.824
30,97,24.4,8,185441,1.9999994,82706.686
31,93,33.3,15,294965,2.5,152791.87
31,94,36.5,15,306384,2.4999999,139711.104
31,95,38.2,15,350133,2.5000001,160360.914
31,96,36.9,15.3,358799,2.5000004,164688.741
31,97,39.8,18,379130,2.5000003,168333.72
31,98,46.1,18,431249,2.5,191905.805
32,93,29.3,14,220816,1.7,107979.024
32,94,30.8,14,223973,1.7000001,96980.309
32,95,30.1,14,236182,1.7,88095.886
32,97,31.2,14,254561,1.7,129826.11
32,96,35.3,14,278566,1.6999998,117554.852
32,98,33.8,14,282256,1.6999998,132378.064
33,93,40.5,18,246913,2,107407.155
33,94,41.3,19,282645,2,109383.615
33,95,39,19,306118,2,104692.356
33,97,39.9,20,311433,2,118655.973
33,96,41.2,19,332560,2,144331.04
33,98,40.1,18,368880,2,138330
34,93,28.8,13.8,144648,2,56846.664
34,94,30.7,14,157965,2,68714.775
34,95,33.5,14,176991,1.9999994,77699.049
34,96,33.9,14,195148,1.9999991,105770.216
34,97,36.3,14,235134,2,119448.072
34,98,40.4,14,246469,2,141719.675
35,93,25.2,13,124901,2,48086.885
35,94,27.8,13,137739,2,48759.606
35,95,29.3,13,148819,1.9999968,50747.279
35,96,32.4,13,161137,2,58170.457
35,97,36.3,16,186897,2,79244.328
35,98,39.2,16,227340,1.9999996,84343.14
36,93,11.4,5,64116,1.8,23274.108
36,94,16.5,5,89024,1.8000001,28398.656
36,95,16.3,5,102282,1.8000005,36923.802
36,97,19.7,8,130058,1.7999996,59306.448
36,96,20.3,5,135459,1.7999999,44024.175
36,98,22.9,8,163539,1.7999996,71630.082
37,93,26,10,139780,1.9999991,68072.86
37,94,25.9,10,149128,2,69493.648
37,98,27.6,10,170262,2,114756.588
37,97,29.4,10,189909,1.9999995,119832.579
37,95,28.3,10,189931,1.9999995,104082.188
37,96,30.3,10,208127,2,116759.247
38,93,49,17,303212,2,159792.724
38,94,49.2,17,359338,2,192964.506
38,98,50.9,17,456419,1.9999998,287087.551
38,95,54.5,17,459991,1.9999998,318313.772
38,97,52.7,17,465870,2,275795.04
38,96,53.7,17,477194,2,274386.55
39,93,26,9.3,165685,2,96428.67
39,94,27.8,9.3,188637,2,99223.062
39,95,30.1,9.3,208905,2,130983.435
39,96,29,10,215682,1.9999994,144722.622
39,97,28.4,10.2,217624,2,136885.496
39,98,30.8,10.2,235276,1.9999995,153399.952
40,95,17.9,6.4,107479,2,61155.551
40,93,18,6.4,108251,2,53692.496
40,94,19.2,6.4,117053,1.9999993,58292.394
40,98,19.3,8,117746,2,61463.412
40,97,20,6.4,118763,2,66507.28
40,96,19,6.4,124669,2,64703.211
41,93,21,7.4,97799,2,47139.118
41,98,18.9,7.5,106464,2,66220.608
41,94,21.8,7.4,114858,1.9999992,57199.284
41,97,21.1,7.4,119845,2,72745.915
41,95,24.1,7.4,121033,2,69836.041
41,96,23,7.4,128672,2.0000012,72313.664
42,93,26,10,168426,2,85560.408
42,94,30.2,10,191495,2,108960.655
42,95,31.5,10,197570,2,120320.13
42,96,31,10,222086,1.9999996,122813.558
42,97,32.3,10,253228,2,150417.432
42,98,34.6,11,265836,2,161362.452
43,93,19,11,96642,2,32568.354
43,94,21.2,11,111369,2,43211.172
43,95,23,11.2,142649,2,77886.354
43,96,25.5,12.2,156788,2,97835.712
43,97,25,12.2,168810,1.9999994,95377.65
43,98,25.1,12,177212,2,102251.324
44,94,17,5.4,68088,1.9999986,27847.992
44,98,19.2,6.4,76069,2,29134.427
44,93,18,5.4,83454,2,33882.324
44,97,19.8,6.4,86690,1.9999983,41524.51
44,95,17.8,33.1,93294,2,44874.414
44,96,18.7,5.4,95376,2,55031.952
45,93,22,7.4,126501,1,61732.488
45,94,23.4,7.8,142799,1,61117.972
45,95,21.3,7.9,153674,1,74378.216
45,97,25.3,9.1,172410,1,97584.06
45,98,26.5,9.1,178351,1,96131.189
45,96,26.3,7.4,181657,1,86468.732
46,97,25.6,16,142937,2,87048.633
46,94,26.5,16,144398,1.9999995,67578.264
46,95,27.1,16,149103,2,61430.436
46,93,29,16,149861,2,64590.091
46,96,25,16,150461,2,73725.89
46,98,30.7,16,186293,1.9999995,103206.322
47,93,23,8.1,117749,2,60640.735
47,94,23.3,8.1,133453,1.9999993,56984.431
47,95,23.8,8.1,148581,2,71467.461
47,96,24.7,8.1,182641,2,91137.859
47,98,25.5,8.1,189617,1.9999995,104478.967
47,97,27.9,8.1,194849,1.9999996,98983.292
48,93,27,9.2,143752,2,55057.016
48,94,28.8,9.2,169439,2,70656.063
48,95,27.8,9.2,172722,2,79797.564
48,96,30.1,9.2,200555,2,88444.755
48,97,30.5,9.2,210874,2,93628.056
48,98,30.6,9.2,217479,2,103737.483
49,93,10,5.1,40195,1,10169.335
49,94,10.3,5.1,42033,1,11012.646
49,95,12.6,5.1,53494,1,18562.418
49,97,13.9,5.1,58732,1,30481.908
49,96,14,5.1,64925,1,29086.4
49,98,15.1,5.1,72458,1,31809.062
50,95,37.8,14.7,210684,2.5000003,126831.768
50,93,39,17.8,212537,2.4999996,101380.149
50,94,37,17.8,220968,2.5000002,113577.552
50,98,47.4,17.8,223246,2.5000013,148905.082
50,96,38.6,17.8,231971,2.4999997,138950.629
50,97,42.9,17.8,239966,2.5000005,125742.184
51,94,18.4,6.4,87086,2.0000098,41627.108
51,96,17.2,6.4,89866,2.0000041,48258.042
51,93,19,7.2,91788,2,42038.904
51,97,18.5,8.4,101366,2.0000018,56055.398
51,95,18.5,6.4,101480,2,57843.6
51,98,20.1,9.1,118751,2,66856.813
52,94,27.6,8.6,137181,2,55009.581
52,93,27,8.6,145458,2,52801.254
52,95,27.6,8.6,165748,2,125305.488
52,96,28.3,8.6,176444,2,87516.224
52,97,28.1,8.6,185069,2,94755.328
52,98,30.7,8.6,228520,2,85237.96
53,94,15.5,7,77722,2,28990.306
53,95,17.4,7,83191,1.9999981,38434.242
53,93,15,7,92000,1.999998,26036
53,97,20,7,95665,2,52807.08
53,96,18,7,103016,2,43163.704
53,98,20,7,111648,1.999999,48678.528
54,93,30,14,153502,2.500001,65545.354
54,95,32.2,14,168202,2.5,74513.486
54,94,32.3,14,183857,2.5000005,85309.648
54,96,35.5,14,201890,2.5000003,115682.97
54,97,42.5,14,239885,2.4999996,125459.855
54,98,43,14,311775,2.4999997,168358.5
55,93,16,7.7,77377,2,29325.883
55,94,18.1,7.7,87513,2,32554.836
55,95,22.8,6.7,111518,2,50183.1
55,97,23.4,7.7,130170,2,60789.39
55,96,23,7.7,132075,2,61414.875
55,98,24.7,7.7,133867,1.9999995,55287.071
56,94,17.4,10,87891,1,53525.619
56,95,19.5,10,88279,1,46699.591
56,93,18,10,91085,1,43994.055
56,97,24.2,12,104254,1,42431.378
56,98,22.6,12,105328,1,46976.288
56,96,22,10,108385,1,50940.95
57,94,6.4,5.6,38307,1,15169.572
57,98,6.8,5.6,40505,1,17700.685
57,95,6.8,5.6,42209,1,18487.542
57,97,7.9,5.5,43256,1,19897.76
57,93,8,5.5,46722,1,18361.746
57,96,8.6,5.6,49157,1,23841.145
58,93,20,10,115382,2,51921.9
58,95,22,10,134655,2,63961.125
58,94,20.2,10,134944,2,57216.256
58,97,20.6,10,140901,1.9999993,67350.678
58,98,22.4,10,141496,2,65371.152
58,96,22.9,10,148649,1.9999994,70608.275
59,93,11,4.4,47362,1.999998,22307.502
59,95,11.9,4.6,55559,1.999996,31835.307
59,94,11.9,4.6,58997,2,28259.563
59,96,12.6,4.6,66397,2,35655.189
59,97,13.8,4.4,67411,2,36401.94
59,98,17.1,7.5,80004,2,41122.056
60,93,13,6,60151,1,23458.89
60,94,14.2,6,70246,1,25499.298
60,95,14.5,6,86216,1,67076.048
60,96,15.7,7.5,96838,1,43286.586
60,97,18.5,6,98929,1,52036.654
60,98,20.4,6,123523,1,78684.151
61,94,7.5,7,41456,1,15546
61,95,7.5,7,44591,1,18237.719
61,97,8.9,7,46341,1,21455.883
61,93,8,7,48526,1,17469.36
61,96,7.6,7,49187,1,15444.718
61,98,9.4,7,59214,1,25343.592
62,96,20.5,13.8,106210,2.4999988,57778.24
62,97,20.6,14,120569,2.4999991,68362.623
62,98,22.5,14.9,125721,2.5000006,57957.381
62,94,20.4,13,126323,2.4999995,45855.249
62,93,23,13.8,127212,2.5000007,54955.584
62,95,18.3,13.8,128568,2.4999979,59398.416
63,93,35,19.8,257481,2,106339.653
63,94,36.7,19.8,278270,2,134960.95
63,95,41,18.8,335568,2,140267.424
63,96,47.5,18.8,406505,1.9999996,197561.43
63,97,50.3,23.8,467229,2,208851.363
63,98,59.5,19.7,569132,1.9999997,301639.96
64,93,27,15,144429,2,85357.539
64,94,28.8,15,153349,1.9999988,102743.83
64,96,30,17,175053,1.9999985,108532.86
64,95,31.3,15,175833,2,120269.772
64,98,31,15,183420,1.9999994,104916.24
64,97,28.7,15,185832,1.9999994,94774.32
65,93,8,3.7,29868,1.5000033,11827.728
65,94,9.1,3.7,35904,1.5000044,13284.48
65,95,10.2,3.7,42769,1.5,29895.531
65,96,11.5,3.7,46247,1.5,17250.131
65,97,11,3.7,55549,1.5,26774.618
65,98,11.8,3.7,84049,1.5000025,50093.204
66,93,17,11.5,56629,2,28597.645
66,94,19.8,13,87290,2.0000011,47485.76
66,95,19.9,13,100015,1.9999987,49007.35
66,97,24.3,13,111325,1.9999989,63232.6
66,96,23.8,13,134213,2,76769.836
66,98,24,13,149646,2,79910.964
67,93,16,11,69561,2.0000032,35823.915
67,95,17.1,12,96752,2,50214.288
67,94,18.3,12,106138,2,52432.172
67,97,17.9,12,110106,1.9999993,51199.29
67,96,19,12,110913,1.999999,53681.892
67,98,17.8,12,117561,2,58545.378
68,93,18,12.5,89644,2,44015.204
68,94,18.8,13,110068,1.9999993,53162.844
68,95,23,26,138813,1.9999993,73570.89
68,96,22.7,13,154970,2,87403.08
68,98,22.9,13,175023,2,106764.03
68,97,24.2,13,176359,2,106697.195
69,93,28,16,113526,2,101719.296
69,96,31.9,16,148180,2,90686.16
69,94,32.6,16,156385,1.9999992,107592.88
69,95,31.1,16,164804,1.9999995,110253.876
69,97,28.8,16,170276,1.9999987,148140.12
69,98,28.5,16,180615,2,146839.995
70,93,25,12,133342,2,71604.654
70,94,26.4,12,147176,1.9999992,85214.904
70,95,23.8,12,153230,2,91938
70,96,27.4,12,185939,2,108960.254
70,98,31.3,12,211659,2,116835.768
70,97,32.1,12,218385,1.9999994,111594.735
71,93,11,6.6,61836,1,21086.076
71,94,12.2,6.6,69410,1,25473.47
71,95,12.3,7.6,76916,1,35535.192
71,96,12.9,7.6,79717,1,42409.444
71,98,10.8,7.6,81324,1,42695.1
71,97,12.8,7.6,91551,1,47057.214
72,93,22,10,103131,2,53834.382
72,94,23.3,9.7,128100,2,60975.6
72,96,28.1,12,144000,2,79200
72,95,28.7,12,158958,2,82976.076
72,97,35.2,12,188347,2,103402.503
72,98,34.6,12,197961,1.9999996,101751.954
73,94,17.3,14,123617,2,47839.779
73,93,19,14,131510,2,52867.02
73,95,20,14,147778,1.9999994,76401.226
73,98,21.4,14,154189,2,88812.864
73,96,23.3,14,154571,1.9999993,80222.349
73,97,22.1,14,161788,1.9999994,93028.1
74,93,13,8,56779,2,24982.76
74,94,14.2,8,69778,2.0000961,31051.21
74,95,15.5,8.5,86802,1.9999987,41578.158
74,96,19.6,8.5,117845,1.9999992,57036.98
74,97,21.6,8.5,126727,2,64630.77
74,98,22.6,8.5,136447,2,71225.334
75,93,19,13,85924,2,28612.692
75,94,22,13,96115,2,30852.915
75,95,19.8,13,105212,2.0000011,37034.624
75,96,21,13,129950,1.9999992,47691.65
75,97,23,13,173268,2,61336.872
75,98,26.4,15,190656,2,71877.312
76,93,24,18,150947,2,62039.217
76,94,24.5,15,161463,2,65392.515
76,96,27,15,178452,2,77269.716
76,97,28.7,18,190644,2,82739.496
76,95,27.1,15,191864,2,74635.096
76,98,32.8,25,240336,2,124494.048
77,93,24,12,119857,1.9999991,55493.791
77,94,26.1,14,148563,2,67596.165
77,95,29.4,14,161314,2,78398.604
77,96,31,14.5,202598,2,99475.618
77,97,31.5,17,202727,1.9999996,100349.865
77,98,32,14.5,213406,2,95819.294
78,93,20,12,101240,1.5,43431.96
78,94,20.5,12,116427,1.4999991,50180.037
78,95,22.3,12,123304,1.4999997,57706.272
78,97,22.8,12,140016,1.4999997,56426.448
78,96,22.9,12,141977,1.4999997,66019.305
78,98,27.2,12,191761,1.5000001,67691.633
79,95,18.7,12.5,87795,2,29762.505
79,96,16.8,16,93597,2.0000016,34443.696
79,93,20.7,16,96729,2,29308.887
79,94,20.5,16,98131,2.000001,30126.217
79,97,20.4,18,111766,2,36771.014
79,98,21.5,18,111917,2,40402.037
80,93,54.5,26,317973,3,145631.634
80,94,55.4,26,349509,2.9999995,172657.446
80,95,53.8,26,373425,2.9999995,200902.65
80,96,54.1,26,402145,3,172520.205
80,97,63.1,26,492432,2.9999996,223071.696
80,98,72.5,26,569579,3,285928.658
81,93,34.4,18.5,222636,3,77032.056
81,94,37,18.5,265124,3,85104.804
81,95,38.6,20,280002,3,119560.854
81,96,40.4,18.5,313488,3,149220.288
81,98,38.4,18.5,316835,3,199606.05
81,97,40.5,18,329717,2.9999996,160901.896
82,98,20.3,13,101842,1.9999992,43079.166
82,93,20.7,17.2,109672,2,35753.072
82,97,22.1,13,119888,2,44118.784
82,94,23.8,10.4,120285,2,35002.935
82,96,25.2,10.5,125425,1.999999,36247.825
82,95,24.4,14,128232,2,52062.192
83,93,19.9,14.5,76931,2,30618.538
83,94,19.8,14.5,90057,1.999999,33501.204
83,96,22.4,14.5,94705,2.0000017,33146.75
83,98,24.3,12,96744,2,32989.704
83,95,22.6,12,98054,2,33534.468
83,97,22.5,12,103879,2,33968.433
84,93,20.7,10,94274,2.0000013,30733.324
84,95,19.9,10,108445,1.9999989,41859.77
84,94,21.9,10,113148,2,36999.396
84,96,19.7,10,121076,2,45645.652
84,98,23,12,121842,2,43741.278
84,97,21.3,12,131425,1.9999986,54409.95
85,93,34.9,17.8,164659,2,58783.263
85,98,37.3,18,180182,2,96397.37
85,97,36.1,18,182024,1.9999991,156904.688
85,94,35.5,17.8,192905,1.9999997,58450.215
85,95,32.5,17.8,197719,2,69003.931
85,96,29.1,17.8,202652,2,59174.384
86,93,34.1,28.5,212850,3,73433.25
86,94,38,28.5,214880,2.9999995,89390.08
86,95,36.8,28.5,266298,3,125160.06
86,96,40.3,28,313925,2.9999996,157904.275
86,97,44.9,29,373146,3,164557.386
86,98,49.3,29,391698,3,193107.114
87,93,22.4,12,166136,2,65623.72
87,97,22.1,12,184162,2,87108.626
87,98,22.8,12,188317,2,82671.163
87,94,24.5,11,200692,1.9999996,89107.248
87,96,22.7,12,218408,1.9999997,65522.4
87,95,24.6,12,218833,2,89283.864
88,93,24,10.9,121114,2.9999982,42389.9
88,94,27,13.7,208919,3,98609.768
88,95,28.8,13.5,222730,3,73055.44
88,96,31.7,13.5,263337,2.9999994,116658.291
88,97,31.3,18,306988,2.9999996,140293.516
88,98,36.8,18,320146,3,147587.306
89,93,17,11.5,101200,2,52927.6
89,98,18.1,11.5,112167,2,74366.721
89,94,18.8,16,123179,2,52227.896
89,95,19.2,10.9,125192,2,62596
89,96,17.2,10.9,125800,1.9999991,62396.8
89,97,18.7,11.5,136348,2,75673.14
90,98,6.3,12,37834,2,15776.778
90,93,10.8,10.8,52301,2,24947.577
90,94,10.6,10.7,53574,2,23518.986
90,96,9.3,10.9,54667,2.0000028,20664.126
90,97,9.5,12,54709,2.0000014,19421.695
90,95,10.6,12,59419,1.9999987,23827.019
91,93,22.8,20.8,126415,2,47405.625
91,94,26,20.8,156056,2,79588.56
91,95,29.3,17.5,197435,2,138007.065
91,97,29,20.8,207926,2,120597.08
91,96,30.2,20.8,213849,1.9999994,104144.463
91,98,29.3,20.8,222669,2,76820.805
92,93,15.7,12,82142,2.000001,25628.304
92,95,16.8,17,83826,2,22381.542
92,94,14.8,12,89215,2,35507.57
92,96,22.5,12,127751,2,59659.717
92,97,27.1,20,154177,2,63675.101
92,98,29.8,20,163901,2,92604.065
93,93,29.6,16,169966,2,67476.502
93,95,29,13.5,170411,2,78559.471
93,94,30.2,16,173903,2,82603.925
93,96,28.4,16,182413,2,98138.194
93,97,29.6,13.5,202142,2,66504.718
93,98,30.2,13.5,213161,2,93577.679
94,93,23,9,147124,2,59143.848
94,94,23.4,9,160354,1.9999994,75687.088
94,96,27.1,9,169402,1.9999985,75892.096
94,95,24.6,9,179728,1.9999996,80338.416
94,97,33.5,21,265554,2,107283.816
94,98,38.1,21,338774,1.9999997,151431.978
95,93,11.8,6.3,47565,1.499999,24353.28
95,97,9.3,6.5,50827,1.5000032,27192.445
95,96,10,6,51205,1.5,24168.76
95,94,11.4,6.4,51650,1.5000015,38272.65
95,98,9.2,6.5,51678,1.5000008,27596.052
95,95,10.4,6.4,53357,1.4999991,24757.648
96,93,15.9,11.5,62397,3.000011,35004.717
96,94,19.3,13.5,120512,3.0000018,57484.224
96,95,24.3,15.7,163289,3.0000021,75766.096
96,96,32.5,11.5,233432,3,90104.752
96,97,36.6,15.9,294239,3,130936.355
96,98,42.9,15.2,362972,3,185115.72
97,93,24.6,17.9,124052,2,49372.696
97,94,24.8,14,145907,2,48295.217
97,95,24.5,17,157645,2,66210.9
97,97,27.7,15.5,171999,2,72755.577
97,96,26.1,17,175163,2,66912.266
97,98,26.3,15,196110,2,111194.37
98,93,22.5,15.4,121060,2,34381.04
98,95,23.7,15,130575,2,49357.35
98,94,25.1,16,135471,1.9999995,41996.01
98,96,24.4,15,138587,1.9999995,53494.582
98,97,25.2,15,143896,2,61443.592
98,98,24.2,15,153923,2,68649.658
99,93,17.4,9,79584,2,40349.088
99,95,18.8,9.9,102661,2,42809.637
99,96,19.5,9.9,107520,2,40427.52
99,94,19.1,9.9,110718,1.9999993,41187.096
99,97,19.3,12,113544,2,76642.2
99,98,24.3,12,133871,2,60241.95
100,93,17.6,6.3,83123,2,22443.21
100,94,18.1,8.4,86568,2,21815.136
100,95,18.8,8.8,111794,2,40581.222
100,96,21.5,7.3,146318,2,55161.886
100,97,23.2,7.5,158720,2,70154.24
100,98,24.4,8.1,161469,2,69916.077
101,93,18.3,12,114588,2,35293.104
101,94,17.9,12,118676,2,32635.9
101,96,17.9,12,119708,1.9999993,41658.384
101,95,18.5,14.8,128025,2,50441.85
101,98,19.5,12,138948,1.9999994,57246.576
101,97,19.1,12,140039,2,52514.625
102,95,22.8,15.2,124273,1.5,71208.429
102,94,23.6,15.3,127296,1.4999972,67084.992
102,93,22,15.2,127448,1.499999,65125.928
102,96,29.4,15.2,236206,1.5000004,127315.034
102,97,38.8,20,352677,1.5,232414.143
102,98,54.2,15,490370,1.5,281472.38
103,93,43.1,15,260264,3,130392.264
103,94,44,15,265195,2.9999997,101569.685
103,95,49.9,15,303675,3,180686.625
103,96,48.3,15,396624,2.9999995,199105.248
103,97,47.6,17,400198,2.9999997,218508.108
103,98,48.8,17,418016,3,178074.816
104,93,24.7,11,119760,2,55329.12
104,95,25,10.5,153964,2,73748.756
104,96,25.7,11,162185,1.9999995,70712.66
104,97,26.4,12,162898,1.9999994,73304.1
104,98,25.4,12.5,163539,1.9999992,87166.287
104,94,28,11,165188,2,92174.904
105,93,12.8,9,49444,1.4999977,30556.392
105,94,12,9,51865,1.5,35060.74
105,96,13.5,9,52382,1.4999024,27710.078
105,95,12.9,14.5,54039,1.5,35341.506
105,97,14.3,14,57741,1.4999982,33143.334
105,98,12.3,14,62439,1.5000038,33717.06
106,93,15.3,13,80646,1.9999973,41129.46
106,95,16.5,15,81848,2.0000011,30201.912
106,94,16.3,15,84431,2.000001,30648.453
106,96,16.1,13,89430,2,29780.19
106,97,20.5,16,102521,2,44289.072
106,98,24.7,16,129856,2,49734.848
107,93,38.1,18,221399,2.9999995,73947.266
107,94,40.4,18,252372,2,90349.176
107,95,41.7,18,270586,1.9999997,119057.84
107,96,50.5,18,332139,2,146473.299
107,97,50.8,18,353498,2,181697.972
107,98,53.8,18,391813,2,201783.695
108,93,23.4,13.5,136466,2.5000003,41212.732
108,94,27.3,13.5,169844,2.5000004,60634.308
108,97,27.8,14,185863,2.4999996,60963.064
108,95,28.5,13,191005,2.5000006,68570.795
108,98,26.7,13.5,202961,2.4999998,73471.882
108,96,31.9,12.5,213922,2.5000002,111025.518
109,93,47,34,233287,2.9999991,82816.885
109,94,49.9,34,262754,3,104576.092
109,95,56.6,31.2,294412,2.9999995,138373.64
109,97,60.9,34,336975,3,177585.825
109,96,60.7,36,385430,3,201194.46
109,98,59.3,45.1,391734,4.0000013,218587.572
110,94,16.8,15,103447,1,46240.809
110,93,18,15,105544,1,45278.376
110,98,20.4,13,115866,1,48316.122
110,95,17.3,15,116813,1,43337.623
110,97,21,15,131056,1,54388.24
110,96,19,15,134750,1,49318.5
111,93,20,10,101744,1,49447.584
111,94,19.3,9.6,112240,1,56344.48
111,95,19.3,10,117216,1,64820.448
111,97,26.2,12,131730,1,64152.51
111,96,23.8,12,159644,1,73276.596
111,98,24.3,12,164570,1.9999994,72904.51
112,93,13,11,48498,1,12803.472
112,94,13,11,49517,1,14260.896
112,95,15.6,11,57921,1,13148.067
112,98,14.3,9,58430,1,18814.46
112,96,16.3,11.5,59569,1,14415.698
112,97,16,11,61033,1,17150.273
113,93,11,8,51906,1,16921.356
113,94,15.3,8,95223,1,39231.876
113,95,17.3,8,120289,1,49679.357
113,96,20,9,146555,1,79725.92
113,97,21.9,10,158947,1,74228.249
113,98,26,19.6,208076,1.5,101541.088
114,93,18,8,91065,2.000001,27865.89
114,95,18.5,8,108285,2,39524.025
114,94,19.8,8,116378,2,40150.41
114,97,21.8,9,124722,2,45897.696
114,96,20.4,8,124813,2,40314.599
114,98,21.5,10,134165,1,52861.01
115,94,7.3,6.5,37992,1,11739.528
115,95,7,6.5,40284,1,12850.596
115,96,8.4,6.5,43211,1,15815.226
115,93,8,6.5,44589,1,15516.972
115,98,9,7.5,44833,1,16722.709
115,97,10,6.5,51275,1,19484.5
116,93,15,14,71528,2,20957.704
116,94,16.5,14,87782,1.9999985,22647.756
116,95,25.1,8,122311,2,59687.768
116,96,24.1,8,142049,2,71450.647
116,97,25.3,9,143868,2,48483.516
116,98,25.8,18,149602,2,57746.372
117,93,15,10,69874,1.9999978,23896.908
117,94,14.8,10,72361,1.9999988,27786.624
117,96,16.5,12,76309,1.9999962,26937.077
117,97,18.1,10,77805,2,27387.36
117,95,15.8,10,79183,2.0000018,32148.298
117,98,17.5,12,94818,1,41151.012
118,93,11,5,45565,1,23238.15
118,95,11.9,5,48511,1,22751.659
118,97,10.9,5.5,50451,1,20180.4
118,96,11.8,6,53550,1,33843.6
118,94,11.2,5,55249,1,21712.857
118,98,11.3,7,59404,1,30355.444
119,98,7,9,30828,2,9926.616
119,97,9.4,8,38668,2,15583.204
119,94,8,9,40580,2,16637.8
119,95,9.4,9,41002,2,12341.602
119,93,10,9,41561,2.0000019,12343.617
119,96,10.1,9,42364,2.0000019,13132.84
120,93,11,6.5,38557,1,11412.872
120,98,11,9,45551,1,22821.051
120,94,11,6.2,46748,1,16455.296
120,96,12.1,6.5,47248,1,15733.584
120,97,11.9,6.5,47338,1,17799.088
120,95,11.1,6.5,47529,1,14496.345
121,94,19,11.5,94254,2,21395.658
121,93,19,11.5,94374,2.0000015,21422.898
121,97,20.9,12,114044,2.0000014,31019.968
121,95,18.2,11.5,115372,2,21343.82
121,96,20.8,11.5,116142,2,22647.69
121,98,37.3,25,202135,3,57810.61
122,93,13,12,54935,2,12635.05
122,94,12.8,12,58542,1.9999987,15572.172
122,95,13.3,12,59399,1.9999988,16572.321
122,96,14,12,65730,2,18075.75
122,97,15,12,70932,2,18938.844
122,98,13,13,71129,1.9999978,19275.959
123,93,14,7,57026,1,21498.802
123,95,11.7,7,61172,1,22450.124
123,94,14,7,70946,1,27456.102
123,97,15.1,7,73416,1,27017.088
123,96,14,7,78353,1,32751.554
123,98,17.2,7,96899,2,42538.661
124,93,10,6.5,35025,2,6409.575
124,94,10,6.5,41786,2,11407.578
124,95,10.7,6.5,45207,1.9999983,11663.406
124,96,13.3,6.5,48875,2.0000016,15982.125
124,98,11.2,12,54240,1,17844.96
124,97,14.7,7,55195,2,15840.965
125,93,11,9.8,47528,1,10598.744
125,94,11.3,9.8,53927,1,18443.034
125,95,12,9.8,60832,1,20987.04
125,96,12.9,9.8,66477,1,21272.64
125,97,14.6,10,72090,1,20545.65
125,98,16.3,10,98467,1,29244.699
126,93,12,12,52128,1,23718.24
126,94,12.8,12,64792,1,30970.576
126,95,13.2,12,76137,1,29312.745
126,96,16,12,83263,1,39050.347
126,97,18.9,13,98574,1,55300.014
126,98,22.8,20,125421,1,77510.178
127,93,10,6,43047,2.0000023,15152.544
127,97,14.8,7,65679,2,20491.848
127,96,14.2,6,67497,2,24366.417
127,98,14.3,10,67680,2.0000018,26665.92
127,94,14,6,71343,2.0000015,27395.712
127,95,14,6,73006,2,26501.178
128,93,18,14,67443,1,37026.207
128,96,17.7,14,80398,1,29506.066
128,94,18.1,14,83704,1,31723.816
128,97,17.8,14,84947,1,36782.051
128,95,17.5,14,87467,1,32975.059
128,98,19.5,18,93104,1,40686.448
129,93,20,20.8,115234,2,44019.388
129,94,20,22,141272,1.9999993,59334.24
129,95,23.5,22,168851,1.9999994,68722.357
129,96,27.1,22,188709,2,83031.96
129,97,27.5,22,215881,2,96498.807
129,98,36.4,20,291837,2,134828.694
130,94,13.2,8,67512,1.9999988,33148.392
130,93,13,8,70906,2.0000015,33467.632
130,95,13.8,8,73432,2,29446.232
130,96,14,8,73732,2,32368.348
130,97,13.9,8,81309,2.0000012,34475.016
130,98,14.5,13,82567,1.9999985,38393.655
131,93,17,11,99662,2,46342.83
131,94,17.3,11,108972,2,49691.232
131,98,18.2,10.5,121963,2,57322.61
131,95,19.6,11,123212,2,52857.948
131,96,19.1,11,131161,2,64268.89
131,97,18.9,12,143803,1.9999995,57521.2
132,93,22,13,129348,1.9999993,54714.204
132,95,20.1,8,130159,2,52454.077
132,96,19.6,10,135636,1.9999995,57509.664
132,94,22.1,8,138994,2,58377.48
132,97,21.7,9,147727,2,59238.527
132,98,22.7,12,157955,2,71079.75
133,93,20,15,65966,1,21307.018
133,94,18.8,10,81289,1,27800.838
133,95,19.3,10,86945,1,24779.325
133,98,20,15.7,92408,1,33174.472
133,96,20.5,12,93178,1,27394.332
133,97,21.9,12,93690,1,25577.37
134,93,19,9.5,92045,1.9999988,31939.615
134,97,20.3,10,119176,2,54701.784
134,95,18.7,10,119908,1.9999992,46164.58
134,94,19.7,9.5,121814,2,45192.994
134,96,18.9,11,124863,2.0000012,47822.529
134,98,20.8,8,127683,2,63075.402
135,93,12,6,66201,1,20787.114
135,94,12.3,6,67489,1,30774.984
135,95,11.5,6,83116,1,31251.616
135,96,13,7,87237,1,38471.517
135,97,15.3,7,102869,1,43822.194
135,98,16,6.5,105436,1,58095.236
136,93,9,6,49593,1,14282.784
136,94,8.3,6,58473,1,20991.807
136,95,7.8,6,62475,1,21991.2
136,96,8.8,7,65806,1,27112.072
136,98,10.8,7,65921,1,36849.839
136,97,10.7,6,67028,1,26476.06
137,93,9,7,38867,1.9999976,16013.204
137,94,34.7,20,178132,1,71252.8
137,97,32.6,20,187405,1,105509.015
137,98,29.5,20,189266,2,67946.494
137,95,29.1,20,193486,1,95001.626
137,96,32.3,20,197285,1,88580.965
138,93,15,14,78680,1,38946.6
138,94,15.9,14,96194,0.9999997,44153.046
138,95,16.5,14,98807,1,43079.852
138,96,17.7,14,108225,1,48160.125
138,97,18.7,14,110085,1,56143.35
138,98,17.7,15,120699,1,61918.587
139,93,19,13,106892,1,42649.908
139,94,19.3,13,115619,1,42779.03
139,95,20.7,13,131979,1,54243.369
139,97,20.3,13,147442,1,62367.966
139,98,21.1,12,147536,2,52522.816
139,96,22.5,13,150753,1,61054.965
140,93,16,10,66869,1,28553.063
140,98,12.5,9,70687,1,26012.816
140,94,16.1,10,74226,1,32733.666
140,96,16.5,10,75833,1,32380.691
140,97,16,10,76466,1,30968.73
140,95,17.1,10,84736,1,32199.68
141,98,9.8,15,39568,1,15787.632
141,94,12.6,11,41585,2.0000016,17008.265
141,95,11.9,11,44847,2.0000026,17445.483
141,93,12,11,49126,2.0000021,17095.848
141,96,11.8,11,50678,2.0000034,22095.608
141,97,12.1,12,51034,1.9999983,17963.968
142,93,29,18,142124,2,55286.236
142,94,28.1,18,161411,2,69890.963
142,95,29.6,18,195579,2,107177.292
142,96,32.9,18,198483,1.9999995,92691.561
142,97,33.7,20,221479,2,73309.549
142,98,38.9,18,232157,3,96577.312
143,94,4.5,4,21729,1,8191.833
143,93,5,4,22805,1,8757.12
143,97,6.7,5,25671,1,11937.015
143,95,5.4,4,27308,1,11442.052
143,96,6.9,4,28044,1,15199.848
143,98,6.4,4.5,29291,1,15172.738
144,94,10.7,6,64623,1,30695.925
144,95,10.9,6,64711,1,29443.505
144,93,11,6,67796,1,28745.504
144,96,12.2,7,79994,1,33997.45
144,97,13.6,7,86044,1,37687.272
144,98,13.4,6.8,86413,2,42428.783
145,93,25,14,104677,1,58095.735
145,94,25.6,14,111610,1,36719.69
145,95,25.6,14,124019,1,45514.973
145,97,25.7,15,126609,1,55834.569
145,96,27.1,14,134726,1,49848.62
145,98,27.1,17,154763,2,63607.593
146,93,7,5,36358,1,13634.25
146,95,6.2,5,40958,1,16587.99
146,94,7.4,5,43898,1,17076.322
146,96,7.3,5,44912,1,18458.832
146,97,7.9,5,45932,1,20715.332
146,98,8.3,5,53795,1,24153.955
147,94,15,10,66464,1,23727.648
147,93,15,10,69342,1,23229.57
147,95,15.5,10,73018,1,22343.508
147,96,15.8,12,81041,1,24150.218
147,97,18,10,87153,1,30416.397
147,98,21.2,18,123585,1,45232.11
148,93,12,9,40177,2.0000047,12977.171
148,96,10.6,9,41325,1.9999957,14050.5
148,95,11,9,41540,1.9999973,13417.42
148,97,10.6,9,41594,2,13018.922
148,98,9.8,8,41674,2,13043.962
148,94,11.5,9,46455,1.9999973,15330.15
149,93,15,8,88423,1,25288.978
149,94,16.2,8,95487,1,29887.431
149,98,13.1,9.7,95619,1,34900.935
149,95,16.2,9,99694,1,31503.304
149,96,16.1,9.5,102636,1,36641.052
149,97,16.4,8,110425,1,36881.95
150,93,7,13,33075,1,11212.425
150,98,8.3,5.1,37837,1,12221.351
150,97,9.7,13,46303,1,14400.233
150,96,10.5,13,48585,1,15790.125
150,95,8.7,13,51885,1,18938.025
150,94,8.7,13,52706,1,18552.512
151,93,6,6,24258,1,10382.424
151,96,7,6,28511,1,13742.302
151,95,7.5,6,30081,1,13566.531
151,94,7.8,6,32948,1,14727.756
151,97,7,6,33921,1,13534.479
151,98,6,4,34252,1,11405.916
152,93,13,8,60311,2,24727.51
152,94,14,8,73192,2,32424.056
152,96,16.7,9,77195,2.000001,33579.825
152,95,16,8,82112,1.9999987,36539.84
152,97,16.7,9,90967,2,38297.107
152,98,18.6,7,96248,2,44659.072
153,93,17,6.4,53626,1,17964.71
153,94,16.1,6.5,61662,1,23801.532
153,95,17,6.5,67144,1,25380.432
153,96,19.4,7,72980,1,25688.96
153,97,19.5,8,85468,1,49656.908
153,98,19.4,8,92324,1,29359.032
154,93,26,19,104048,2,31942.736
154,94,23.6,12,113712,2,37866.096
154,96,24.6,12,129737,2,59160.072
154,95,24.7,12,132905,2,46383.845
154,98,22.4,13,158218,2.9999991,64869.38
154,97,23.3,12,159658,2,67216.018
155,93,15,7,97579,2.000001,49960.448
155,94,16,7,101290,2,34539.89
155,95,16.4,7,116105,2,47603.05
155,96,18.1,7,123832,1.9999989,64144.976
155,97,19.5,7,131452,1.9999992,63622.768
155,98,22.2,13,162046,2,67249.09
156,93,37,35,170832,2.0000013,48516.288
156,94,41.7,35,243573,2,111800.007
156,95,44.8,35,348659,2,179210.726
156,96,56.1,35,480073,1.9999991,213632.485
156,97,60.6,35,522752,2,291172.864
156,98,63.8,33.9,597477,2,311882.994
157,93,24,18,71004,2,31667.784
157,94,23.4,21.2,79692,2.4999985,36259.86
157,95,21.8,18,80476,2.4999986,39191.812
157,96,30.2,18,82959,2.0000013,37082.673
157,97,29.1,18,114958,1.9999993,55409.756
157,98,30.9,18,124449,2,66331.317
158,93,18,15,97749,2,31279.68
158,94,20,13.9,106630,2,44891.23
158,95,21.8,15,136363,2,56045.193
158,96,23.9,15,163181,1.9999994,73431.45
158,97,24.2,15,184044,1.9999996,83371.932
158,98,26.5,15,198023,1.9999995,70892.234
159,94,15.4,15.3,63530,1,25539.06
159,95,14.1,15,66976,1,27058.304
159,93,15,15,79457,1.5,24631.67
159,96,16.9,15,91157,1,43846.517
159,97,20,15,98826,1,50401.26
159,98,21.3,15,116485,1,54864.435
160,94,13,13.8,46588,1,31027.608
160,93,13,15,49328,1.5,29498.144
160,96,19.3,15,68407,2,34545.535
160,95,17.4,15,72398,1,36778.184
160,98,20.5,15,80541,1,50015.961
160,97,26.9,15,106219,1,66386.875
161,93,22,19,121764,2,57229.08
161,97,21.6,19,137756,2,62954.492
161,94,23.7,19.6,139461,1,58434.159
161,96,26.8,19,160376,1.9999994,72810.704
161,98,24.8,19,168705,2,72711.855
161,95,26.3,19,171440,1,69776.08
162,94,12,17.6,64755,1.4999993,29074.995
162,96,12.2,17.5,75241,1.4999994,32353.63
162,93,14,17.5,75528,1.9999975,31721.76
162,97,13.2,17.5,78010,1.4999972,34636.44
162,98,13.2,17.5,78491,1.5,34693.022
162,95,12.1,17.5,78692,1.4999995,31162.032
163,93,21,17,74882,2,23363.184
163,94,19.1,18.2,78873,2.5,20112.615
163,96,22.6,17,94820,2.5,31100.96
163,95,22.5,17,102088,2.5000013,36139.152
163,97,21.2,17.8,108988,2.5000013,44685.08
163,98,21.4,18.2,128355,2.5,59941.785
164,94,33.5,13.8,131897,1,79006.303
164,93,31,13,161817,2,82850.304
164,95,34.6,17.5,165692,1,59649.12
164,96,40.4,17.5,182620,1,73230.62
164,97,48,17.5,212940,1,133726.32
164,98,45.2,17.5,271428,1,147113.976
165,94,25.6,19.7,134697,1,73005.774
165,96,24.6,20,138930,1,53488.05
165,93,25,20,139122,1.5,62048.412
165,95,25.1,20,143320,1,65067.28
165,98,26.4,20,159299,1,59259.228
165,97,27.6,20,160822,1,66097.842
166,93,22,14,178302,2,60087.774
166,94,28.7,14.2,205719,1,95659.335
166,95,32,14,245577,1,99458.685
166,96,32.6,14,281387,2,99048.224
166,97,33.7,16,288725,2.9999996,116933.625
166,98,40.8,16,318328,2.9999993,127012.872
167,94,20.5,13,61370,1,22706.9
167,93,18,13,62082,1.5,27440.244
167,95,24,13,74706,1,33841.818
167,96,19.8,13,75053,2.0000015,38051.871
167,98,26.1,13,94319,1.9999978,49517.475
167,97,24.2,13,106706,2,47270.758
168,93,14,14.5,63138,1,26202.27
168,94,14,14.3,72078,1,25876.002
168,95,17,14.5,101621,1,36786.802
168,96,18.1,14.5,102723,1,41808.261
168,98,17.5,14.5,114044,1,51319.8
168,97,19.8,14.5,114259,1,46160.636
169,93,14,9,65401,1.9999975,26618.207
169,94,14.3,9.3,74616,1,33726.432
169,95,13.6,9,82092,1,42113.196
169,96,16.5,9,96424,1,48886.968
169,98,18,9,97239,1,50564.28
169,97,19.1,9,104591,1,56897.504
170,94,9.3,7.1,39605,2,17703.435
170,95,9.3,7.5,43507,2,19621.657
170,93,10,7,44675,1.4999856,18450.775
170,96,9.3,7.5,47487,2,20751.819
170,97,11.2,7.5,52008,2,26628.096
170,98,11.8,7.5,54888,1.9999981,24315.384
171,93,11,5,28395,1,8632.08
171,97,10,8.5,29072,1,15611.664
171,94,9.5,5.6,29762,1.5000037,14970.286
171,98,9.5,8.5,29970,1,15614.37
171,96,11.5,8.5,30316,1.500002,7730.58
171,95,10.6,8.5,32329,1.5000018,12155.704
172,94,11.1,10.8,30367,1,11660.928
172,96,8.3,10.5,30870,1,11174.94
172,97,9,10.5,31247,1,12280.071
172,93,12,10.5,32014,1,10212.466
172,95,10,10.5,32133,1,11728.545
172,98,9.2,10.5,32287,1,14722.872
173,95,9.5,7.5,37880,2,20152.16
173,94,11.5,7.3,39531,2,20595.651
173,96,9.3,7.5,43372,2,21772.744
173,97,10.8,7.5,43745,2,22266.205
173,98,11.4,7.5,46465,2,21606.225
173,93,12,7.5,49542,2.0000033,21352.602
174,97,8.5,13,46193,1,22449.798
174,93,10,13,50346,1,17369.37
174,95,10,13,55291,1.9999986,19462.432
174,94,10.2,12.5,57405,2,18656.625
174,98,10,13,57460,1,17525.3
174,96,10,13,58628,2.0000097,22864.92
175,93,12,9,65367,1,28042.443
175,97,12.9,14.5,72557,2.0000032,30691.611
175,95,14,14.5,76191,2,36266.916
175,94,14.1,9.9,80359,2,29572.112
175,96,13.4,14.5,80790,2,37163.4
175,98,20.9,14.5,126802,2,41844.66
176,94,17.9,9.7,76223,1,28050.064
176,96,17.2,10.5,81199,1,51480.166
176,97,18.6,10.5,81572,1,49106.344
176,93,19,9.5,82339,2,27171.87
176,95,18.5,10.5,88759,1,27959.085
176,98,17.7,10.5,91139,1,48121.392
177,93,9,12.5,41175,1.4999985,20340.45
177,94,5.4,12.9,47695,1,13354.6
177,95,7.7,12.5,76337,1,22137.73
177,97,8.9,12.5,77972,1,37348.588
177,96,8.6,12.5,84941,1,33891.459
177,98,11.1,12.5,87269,1,32551.337
178,95,14.3,12,73828,1.5,23846.444
178,93,15,11,78420,1.5,22506.54
178,94,15.8,12,81432,1.5000015,25081.056
178,97,17.9,12,83808,1.5000007,21873.888
178,96,17.5,12,94562,1.5,27895.79
178,98,18,12,95150,1.5,24739
179,95,15.9,10,86393,1.5,28336.904
179,94,18.3,10,86790,1.5000004,29508.6
179,96,17.3,10,88241,1.5,29296.012
179,93,19,10,94694,1.4999997,28313.506
179,97,17.5,10,96904,1.5,29458.816
179,98,18.9,10,103334,1.4999997,30896.866
180,93,19,29.3,119919,1.5,49526.547
180,96,22.7,25,151335,1.4999932,77180.85
180,95,24.9,27,165482,1.4999984,73639.49
180,98,26.7,25,172736,1.5,86886.208
180,94,24.8,34,175605,1.5000014,70417.605
180,97,29,25,192379,1.5,87724.824
181,93,22,26,82529,1.4999962,30700.788
181,94,22.9,26,87097,1.4999994,33880.733
181,95,22,26,88974,1.4999991,31407.822
181,96,22.5,26,93025,1.5000009,27349.35
181,97,23.6,26,96080,1.5,28727.92
181,98,25,26,109998,1.5,30579.444
182,97,4.6,5.2,23547,1,7958.886
182,98,4.7,4,25744,1,8649.984
182,96,8.1,6,37313,1,12387.916
182,94,7,7,37414,1,13730.938
182,95,7.6,7,37845,1,12223.935
182,93,9,7,53316,1,20260.08
183,93,27,18.7,129671,2.0000011,56147.543
183,94,27.4,18.7,132103,2,53237.509
183,95,25.9,18.7,135246,1.9999991,58696.764
183,98,27.4,19.7,153822,2,54760.632
183,97,25.6,19.1,156745,2,55487.73
183,96,27.4,19.1,159143,2,59678.625
184,95,37.3,22.9,203829,2,102118.329
184,94,38.7,22.9,207620,2,153638.8
184,93,42,22.9,210308,2,131232.192
184,98,44.3,22.9,232819,1.9999997,119668.966
184,97,39.7,22.9,240209,1.9999996,115060.111
184,96,43.1,22.9,251507,1.9999997,130532.133
185,95,14.4,11,64722,1,19351.878
185,94,15.3,11,65054,1,18800.606
185,93,17,11,69233,1,17931.347
185,96,16.5,11,70263,1,21078.9
185,97,15.1,11,76760,1,22260.4
185,98,15.7,11,83545,1,23726.78
186,93,28,18.1,113074,1.5,30077.684
186,96,28.4,18.1,133029,1.5,52147.368
186,94,29.3,18.1,135591,1.5000002,49761.897
186,95,28.6,18.1,136637,1.5000002,45636.758
186,97,31.7,18.1,211247,1.5000003,72668.968
186,98,33.6,18.1,214459,1.5000003,87713.731
187,93,15,12,62872,1.4999983,24457.208
187,94,15,12,63974,1.4999995,31219.312
187,95,13.2,12,68040,1.4999992,25651.08
187,96,14.8,12,72057,1.499999,31056.567
187,98,15.4,12,76548,1.4999996,25873.224
187,97,16,12,87842,1.5,31271.752
188,94,33.6,22,157993,1.5,45817.97
188,93,37,22,160573,1.5,45442.159
188,95,34.1,22,167971,1.5,41656.808
188,97,34.9,8.2,178674,1.4999999,56639.658
188,98,31.9,8.2,180216,1.4999999,73167.696
188,96,34.5,22,182791,1.5000002,54106.136
189,93,24,14,119893,1,39924.369
189,94,25,14.9,127880,1,37340.96
189,95,26.5,15.7,143506,1,39894.668
189,96,28.8,15.7,166974,1,57606.03
189,97,29.7,15.7,175899,1,57694.872
189,98,29.1,14.7,181445,0.9999998,63324.305
190,94,11.1,10.3,51101,1,12417.543
190,93,11,10.3,53994,1,14038.44
190,96,11.6,10.3,56738,1,17815.732
190,95,11,10.5,57409,1,17739.381
190,97,11,10.4,59109,1,18501.117
190,98,11.3,12.5,60598,1,18118.802
191,96,11.8,10.3,78710,1,25265.91
191,94,13.5,10.3,80226,1,29442.942
191,95,13,13,81805,1,31494.925
191,93,13,10.3,85656,1,24840.24
191,97,13.8,10.3,85997,1,32764.857
191,98,13.6,10.3,87610,1,36620.98
192,93,12,6.3,48648,1,16248.432
192,94,12.8,6.3,51043,1,18885.91
192,95,11.6,6.3,55151,1,20516.172
192,96,11.4,6.3,61345,1,21348.06
192,97,12.2,6.3,61493,1,24289.735
192,98,12.2,6.3,72478,1,29353.59
193,93,22,10.1,121987,2,34034.373
193,94,23,10.1,133301,2,37324.28
193,95,21.8,10.1,135269,2,41662.852
193,97,25.2,10.1,138600,2,46985.4
193,96,25.4,10.1,159770,2,42498.82
193,98,26.5,14,162414,2,62691.804
194,98,11.6,6.6,49529,1.5,24368.268
194,95,11.3,7,50045,1.5,22970.655
194,94,12.2,7,56286,1.5,30901.014
194,96,12,7,57823,1.5,26193.819
194,93,12,7,58504,1.4999983,26443.808
194,97,12,7,67261,1.5,33092.412
195,98,12.1,7,34608,1.5,12943.392
195,93,12,25,39950,1.5,12464.4
195,96,13.2,7,41765,1.4999857,17416.005
195,95,13.6,7,42382,1.5,16528.98
195,94,12.5,7,43966,1.5000049,16135.522
195,97,12.2,7,45978,1.5000012,13011.774
196,93,20,10,153597,1.5000003,75262.53
196,94,25.5,10,212942,1.5,102425.102
196,95,28.9,10,222319,1.5,119829.941
196,96,28.8,23,224352,1.5,113746.464
196,97,58.7,37.3,415908,2.5000005,225838.044
196,98,58.3,37.3,462019,2.5000007,298464.274
197,93,14,7.6,65776,1.5000012,22166.512
197,95,13.6,7.6,69830,1.5000011,19412.74
197,97,13.3,10.8,69890,1.5,25929.19
197,98,13.2,10.8,75076,1.5,25075.384
197,94,14.9,7.6,75274,1.4999995,22883.296
197,96,15.5,7.6,77247,1.5000009,32675.481
198,95,8,6.5,22724,1,5726.448
198,96,9.4,6,28801,1,8813.106
198,94,9,6.5,29456,1,8512.784
198,97,8.7,6,30131,1,8135.37
198,98,10.9,6,37316,1,7239.304
198,93,11,6.5,38236,1,9329.584
199,97,11,10,41120,1.5000013,19573.12
199,96,11.3,10,41997,1.4999989,19528.605
199,93,13,10,43460,1.5000008,17644.76
199,95,11.9,10,44850,1.5000013,17177.55
199,98,11.5,10,46837,1.4999995,17704.386
199,94,14.8,10,54972,1.5000005,19570.032
200,93,34,15.8,218878,2,56689.402
200,94,34.6,17,230207,1.9999996,62846.511
200,95,35.4,17,263222,2,92654.144
200,97,36.9,17,270141,2,87795.825
200,96,39.3,17,283109,2,97389.496
200,98,40.7,18,313553,2,111624.868
201,93,20,14,111179,2,45138.674
201,94,19.3,14,117937,2.0000012,41160.013
201,97,20.5,17,120644,1.9999983,41380.892
201,95,20.2,17,122378,2,39160.96
201,96,21.7,17,125148,2,40798.248
201,98,24,17,144592,1.9999992,51040.976
202,98,13,7,52308,1,14175.468
202,96,11.6,7,55660,1,14861.22
202,97,13.6,7,62173,1,20641.436
202,95,13.3,7,63739,1,20077.785
202,93,14,7,67656,1,22529.448
202,94,14.7,7,72701,1,26245.061
203,93,14,6.6,62584,1.5,23781.92
203,94,15.6,7.2,75982,1.5000025,26289.772
203,95,14.7,6.4,77753,1.5,24647.701
203,96,15,6.8,79134,1.5000008,29437.848
203,97,14.1,6.8,81027,1.5000004,28440.477
203,98,15,6.4,84486,1.5000005,34977.204
204,93,16,8,63591,1.9999977,19268.073
204,94,15.2,8,64743,2,19163.928
204,95,15.3,8,68707,2.0000012,20131.151
204,96,14.7,8,70812,2,19331.676
204,97,15.2,8,73343,2,21342.813
204,98,15.2,8,81143,2,26452.618
205,93,17,7.8,57435,1.4999969,14186.445
205,94,17.6,7.8,60466,1.5,14390.908
205,95,15.8,7.8,61387,1.5000047,17925.004
205,96,17.3,10,78549,1.5000005,31576.698
205,97,18.8,10,103814,1.5000003,37580.668
205,98,19.4,10,106169,1.5000006,34504.925
206,93,18,14,105106,2.0000015,36261.57
206,96,18.8,14,112255,2.0000012,42544.645
206,95,16.9,14,114038,2,39799.262
206,94,17,14,114099,2,39820.551
206,97,17.5,14,116282,1.9999986,41628.956
206,98,18.5,14,192701,2,47211.745
207,93,37.5,28.5,159373,1.5,59764.875
207,94,36.5,28.5,162237,1.4999998,62461.245
207,95,35.1,28.5,167782,1.5,58891.482
207,98,36.1,29,177564,1.5,81679.44
207,97,33.7,28.5,179031,1.5000002,71433.369
207,96,36.5,28.5,197783,1.5000002,70015.182
208,93,18.1,13,73401,1,19010.859
208,94,18.8,16,85334,1,18261.476
208,95,19.7,16,101052,1,30214.548
208,96,22.5,16,130300,1,45214.1
208,97,22.9,16,142074,1,47736.864
208,98,22.8,18,144548,1,60276.516
209,94,12.2,14,42466,1.5000009,24757.678
209,93,12.9,14,46336,1.5,18997.76
209,97,14.8,14,55008,1.5000008,25248.672
209,95,12.5,13.5,58866,1.4999966,32199.702
209,96,13.9,13.5,59200,1.499998,48603.2
209,98,14.6,14,60087,1.5,23674.278
210,94,19.2,16.5,74198,1.5,20404.45
210,93,16.9,16.5,75900,1.4999996,20948.4
210,95,18.5,16.5,87072,1.4999994,26382.816
210,96,19.1,16.5,102865,1.5,33842.585
210,98,17,16.5,119312,1.5000004,53093.84
210,97,18.8,16.5,131787,1.5,47706.894
211,93,16.7,15,66295,2,38716.28
211,94,18.5,16.3,74975,2,35913.025
211,95,20.7,17,87074,2,42927.482
211,96,23,17,101281,2.0000015,44968.764
211,97,27,17,108684,2,37822.032
211,98,28.2,17,112034,1.9999956,42124.784
212,94,10.2,8,53670,1,19857.9
212,93,12.1,8.1,55745,1,19733.73
212,95,11.9,8,65618,1,20866.524
212,96,13.3,8,69046,1,23337.548
212,98,15.1,8,78501,1,37052.472
212,97,14.7,8,86633,1,34393.301
213,95,11.4,10,35002,1,10150.58
213,94,11.4,10,39052,1,9177.22
213,93,11,10,41401,1,7162.373
213,96,11.4,10,47608,1,13330.24
213,97,11.5,10,48637,1,16439.306
213,98,12.3,10,54433,1,16438.766
214,93,17.2,12,82113,1.5,30217.584
214,95,18.2,12,90346,1.4999996,36680.476
214,94,17,12,94612,1.5000003,31411.184
214,97,24,13,103879,1.5000015,39474.02
214,98,23.3,13,104351,1.5000007,36418.499
214,96,25,11.5,113814,1.4999996,44615.088
215,97,27.2,9,105264,1,36210.816
215,96,26.3,9.5,108708,1,28481.496
215,94,22.2,25.2,109286,1,40982.25
215,93,22.8,24.6,114279,1,46625.832
215,98,24.5,9.5,117529,1,44896.078
215,95,23.3,26,122334,1,47220.924
216,96,7.6,8.4,18749,1,11568.133
216,98,7.4,8.5,19505,1,8172.595
216,93,8,8.4,20530,1,8212
216,94,7,8.4,22542,1,10414.404
216,95,6.4,8.4,23671,1,12592.972
216,97,8.4,8.4,25296,1,8980.08
217,93,30,11.8,125520,1.5,56484
217,94,30,11.8,138624,1.5000003,61826.304
217,95,30.3,11.8,142604,1.5000003,70588.98
217,96,31.6,11.8,145333,1.5,69323.841
217,97,29.8,11.8,155077,1.5,73661.575
217,98,30.9,11.8,157722,1.5000002,93844.59
218,93,21.5,11,105395,2,45319.85
218,94,20.9,11,105887,2,39601.738
218,96,19.8,11,122046,2,52113.642
218,97,19.2,11,124335,2,52345.035
218,95,22.1,11,130873,2,50255.232
218,98,20.9,11,132483,2.000001,63326.874
219,93,22.4,15,140387,2,50118.159
219,94,25.3,15,151817,1.9999994,52528.682
219,95,29,15,179771,1.9999995,61301.911
219,96,31.1,15,196560,2,78624
219,97,30.7,15,211073,2,82529.543
219,98,31.5,15,215449,2,90057.682
220,93,16.7,18,78569,1,35120.343
220,94,16.5,18,85506,1,42410.976
220,95,15.8,18,87171,1,47333.853
220,97,16.1,18,90603,1,38143.863
220,96,17.1,18,98107,1,50721.319
220,98,25.1,18,134235,1,55707.525
221,93,19.5,30,119228,2,66529.224
221,94,26.8,30,166569,1.9999994,72624.084
221,98,34.6,30,183395,2,69506.705
221,95,32.3,30,198855,1.9999996,103205.745
221,97,40.7,30,226906,1.9999995,85997.374
221,96,40.8,30,251637,2,122043.945
222,95,4.8,7.6,24760,1,7650.84
222,93,5.2,7.6,27515,1,9134.98
222,94,5.9,7.6,30384,1,10907.856
222,96,6.5,7.6,31571,1,8682.025
222,97,9,7.6,47126,1,10226.342
222,98,10.2,8,52593,1,12990.471
223,93,12.8,4,55293,1.4999992,18799.62
223,94,13,4,56930,1.5,24536.83
223,95,13,4,60864,1.5,21971.904
223,96,12.1,4,62837,1.5,20987.558
223,98,13.5,4,66042,1.5000012,23378.868
223,97,13.1,4,70539,1.5000004,20456.31
224,93,26.7,32.5,126501,1,70081.554
224,94,23.3,13.5,138362,1,70702.982
224,97,28.1,13.5,153886,1,90946.626
224,95,23.3,13.5,157994,1,82630.862
224,96,26.5,13.5,165753,1,96799.752
224,98,30.8,13,177156,1,91058.184
225,94,20.6,11.5,108871,1.5000007,49209.692
225,95,21.9,11.5,112364,1.4999995,61575.472
225,93,22.6,11.6,121605,1.5000005,63599.415
225,97,22,11.5,143717,1.499999,74157.972
225,98,22.7,11.5,147640,1.5,79725.6
225,96,24.6,11.5,155252,1.5,79644.276
226,96,5.7,2.5,14410,1,4625.61
226,95,5.2,2.5,16419,1,3924.141
226,98,7.5,2,20974,1,7907.198
226,97,6.7,2.5,22751,1,6142.77
226,94,6,2.5,22812,1,4516.776
226,93,6.5,2.5,23235,1,4414.65
227,93,15.5,20,45396,1,10259.496
227,94,17,20,46781,1,10759.63
227,95,17.6,20,46893,1,9753.744
227,98,20,20,58085,1,18645.285
227,96,20.3,20,60133,1,16837.24
227,97,19.3,20,60566,1,17806.404
228,93,20,22.5,76948,2.0000016,16466.872
228,94,22.4,22.5,78582,2.0000016,19959.828
228,95,22.1,22.5,83574,1.9999991,21478.518
228,98,21.2,24,85766,2.0000036,31047.292
228,97,23.3,22.5,93908,2,30144.468
228,96,22.5,22.5,102529,1.9999985,30861.229
229,93,23.2,13,107036,1,25902.712
229,94,25.5,13,130464,1,37182.24
229,96,25.2,13,134504,1,48017.928
229,95,23.8,13,146161,1,39171.148
229,97,25.8,13,148108,1,52874.556
229,98,25.6,13,160256,1,55128.064
230,93,11.8,17,56124,1,25143.552
230,95,12.5,17,61837,1,18674.774
230,94,13.2,17,62913,1,23655.288
230,96,13.3,17,68970,1,21104.82
230,97,16.1,17,74783,1,18770.533
230,98,19.1,17,92956,1,28072.712
231,93,14.8,20,57841,1.5000009,15674.911
231,97,18,20,73633,1.5,11118.583
231,94,18.4,20,73941,1.5000011,13826.967
231,96,18.7,20,78428,1.5000004,11136.776
231,95,18,20,78968,1.5000004,9555.128
231,98,16.5,20,80754,1.4999996,13889.688
232,93,9.1,17,37514,1,10991.602
232,94,9.1,17,39936,0.9999974,12859.392
232,95,10,17,46043,1,13858.943
232,96,12.3,17,59315,1,17735.185
232,97,14.2,17,69151,1,23511.34
232,98,15.6,17,83421,1,31282.875
233,93,23.6,20,102763,1.5000006,69467.788
233,94,25.1,20,119215,1.4999982,71529
233,95,25.8,20,128560,1.5000008,62994.4
233,96,29.3,20,147035,1.5,75575.99
233,97,29.3,20,154668,1.5,78571.344
233,98,28.4,20,182648,1.4999996,85296.616
234,94,54,35.5,346933,2,166180.907
234,93,56.7,27.3,353028,2,217465.248
234,95,66.6,35.5,508254,2,272932.398
234,96,65.8,35.5,523897,2,286571.659
234,97,66.8,35.5,586760,2,275777.2
234,98,82.3,39,727281,2,376731.558
235,93,16,8,71898,2.0000013,22000.788
235,94,19.1,8,92248,1.9999974,35146.488
235,96,19.9,8,95420,2,39408.46
235,95,18.7,8,97598,2,43138.316
235,97,22.4,8,99725,2,38793.025
235,98,21.8,8,112029,2.0000013,39434.208
236,93,26.5,25,132839,1.9999992,54463.99
236,94,27.4,22.6,175464,1.9999996,51235.488
236,98,29.8,26,179791,2,64365.178
236,96,29.2,25,183693,2,57679.602
236,97,27.7,25,184108,2,75484.28
236,95,26.6,25,197555,2,52944.74
237,93,12,11,42783,1,15573.012
237,94,10.3,11,49853,1,21237.378
237,96,11.9,11,53000,1,24486
237,95,11.1,11,53643,1,25963.212
237,98,13.8,11,57501,1,27140.472
237,97,13.3,11,61539,1,24430.983
238,95,12.4,6.5,36266,1,9828.086
238,94,13.4,6.5,38149,1,8469.078
238,96,11,6.5,38888,1,10344.208
238,97,12.1,6.5,40770,1,12801.78
238,98,10.7,6.5,40972,1,12250.628
238,93,12,6.5,46574,1,11317.482
239,97,14.1,16,52998,1,12401.532
239,96,14.1,16,57856,1,14637.568
239,98,14.2,16,57976,1,12174.96
239,95,14.6,16,69409,1,13881.8
239,94,14.5,16,69661,1,16579.318
239,93,13.9,16,69910,1,9927.22
240,93,18.9,13,88024,1,45684.456
240,94,20.2,13,111807,1,59816.745
240,95,21.9,13,117570,1,62664.81
240,96,21.1,13,124309,1,75952.799
240,97,22.3,13,150420,1,75059.58
240,98,24,13,164886,1,92006.388
241,94,7,10,25312,1,11187.904
241,97,9.1,10,26124,1,10083.864
241,96,8.3,10,27251,1,9755.858
241,93,7.6,10,30154,1,7870.194
241,95,8.3,10,30278,1,10506.466
241,98,9.5,10.5,34046,1,11711.824
242,97,7.1,7.5,29958,1,11114.418
242,98,8.9,7.5,31241,1,13433.63
242,93,7.9,7.5,31338,1,11626.398
242,96,9.5,7.5,33815,1,19173.105
242,95,8.8,7.5,35776,1,24470.784
242,94,9,7.5,40763,1,19240.136
243,93,14.7,9,58971,1,27716.37
243,96,15.1,9,63712,1,29052.672
243,94,14.1,9,66451,1,29637.146
243,98,16,9,66454,1,27379.048
243,95,16,9,67307,1,33384.272
243,97,18.1,9,69962,1,30643.356
244,93,7.8,14,38561,1,12262.398
244,94,9.9,14,47999,1,13391.721
244,98,11.7,14,48939,1,17618.04
244,95,11.9,14,50455,1,21493.83
244,97,12.3,14,50560,1,19920.64
244,96,12,14,62505,1,24001.92
245,94,9.6,9.5,36579,1,24215.298
245,93,7.9,9.5,37672,1,19099.704
245,95,10.5,9.5,39528,1,23795.856
245,96,13.7,9.5,62812,1,28705.084
245,97,16.9,9.5,68712,1,29614.872
245,98,19.2,10,86515,1,33135.245
246,93,25,30,85047,1,38271.15
246,96,27,30,99264,2,47745.984
246,98,28.8,27,102696,2,53607.312
246,95,27.8,30,105841,2,46781.722
246,97,29.4,30,109519,1.9999992,52459.601
246,94,27.1,30,110944,1.9999991,48149.696
247,93,5.2,5,32436,1,15601.716
247,94,6.9,5,37479,1,14691.768
247,96,6.5,5,38803,1,20099.954
247,97,8.6,5,43557,1,16420.989
247,95,8,5,44306,1,16659.056
247,98,10.5,5,63777,1,31888.5